[
  {
     "id":"1",
     "name":"KFC Fairbanks",
     "lat":"64.854810",
     "lng":"-147.712790",
     "category":"Franchise",
     "address":"62",
     "address2":"College Rd,",
     "city":"Fairbanks",
     "state":"Alaska",
     "country":"USA",
     "postal":"99701",
     "phone":"+19073768089",
     "hours1":"10:30 AM - 9:30 PM",
     "hours2":"",
     "hours3":"",
     "featured":"",
     "features":"",
     "date":"10/17/18"
  },
  {
    "id":"2",
    "name":"KFC Anchorage",
    "lat":"61.1415148",
    "lng":"-149.8490146",
    "category":"Franchise",
    "address":"1751,",
    "address2":"Abbott Rd",
    "city":"Anchorage",
    "state":"Alaska",
    "country":"USA",
    "postal":"99507",
    "phone":"+19073446801",
    "hours1":"10:30 AM - 9:30 PM",
    "hours2":"",
    "hours3":"",
    "featured":"",
    "features":"",
    "date":"10/17/18"
 },
 {
  "id":"3",
  "name":"KFC Anchorage",
  "lat":"61.2113357",
  "lng":"-149.8098796",
  "category":"Franchise",
  "address":"656R+GW",
  "address2":"Russian Jack Park,",
  "city":"Anchorage",
  "state":"Alaska",
  "country":"USA",
  "postal":"35215",
  "phone":"+19073337733",
  "hours1":"10:30 AM - 9:30 PM",
  "hours2":"",
  "hours3":"",
  "featured":"",
  "features":"",
  "date":"10/17/18"
},
  {
     "id":"4",
     "name":"KFC Anchorage",
     "lat":"61.3600318",
     "lng":"-149.9266628",
     "category":"Franchises",
     "address":"45R3+J7",
     "address2":"Abbott Loop,",
     "city":"Anchorage",
     "state":"Alaska",
     "country":"USA",
     "postal":"35215",
     "phone":"+19073446801",
     "hours1":"Mon-Sat 10am-08pm",
     "hours2":"",
     "hours3":"",
     "featured":"",
     "features":"",
     "date":"07/17/18"
  },
  {
     "id":"5",
     "name":"KFC Island",
     "lat":"40.624660",
     "lng":"-74.1013309",
     "category":"Franchises",
     "address":"1453 Forest Ave,",
     "address2":"Staten,",
     "city":"Island",
     "state":"NewYork",
     "country":"USA",
     "postal":"10302",
     "phone":"+17184472822",
     "hours1":"Mon-Sat 10am-08pm",
     "hours2":"",
     "hours3":"",
     "featured":"",
     "features":"",
     "date":"06/17/18"
  },
  {
    "id":"6",
    "name":"KFC Brooklyn",
    "lat":"40.607650",
    "lng":"-73.962230",
    "category":"Franchises",
    "address":"2026",
    "address2":"Coney Island Ave,",
    "city":"Brooklyn",
    "state":"NewYork",
    "country":"USA",
    "postal":"11223",
    "phone":"+17183750234",
    "hours1":"Mon-Sat 10am-08pm",
    "hours2":"",
    "hours3":"",
    "featured":"",
    "features":"",
    "date":"06/17/18"
  },
  {
     "id":"8",
     "name":"KFC Bandra West",
     "lat":"19.063600",
     "lng":"72.835180",
     "category":"Franchises",
     "address":"Kenilworth Mall,",
     "address2":"Linking Road, Bandra West,",
     "city":"Mumbai",
     "state":"Maharashtra",
     "country":"India",
     "postal":"400050",
     "phone":"+912233994444",
     "hours1":"Mon-Sat 10am-08pm",
     "hours2":"",
     "hours3":"",
     "featured":"",
     "features":"",
     "date":"03/17/18"
  },
  {
     "id":"9",
     "name":"KFC Powai",
     "lat":"19.123960",
     "lng":"72.917520",
     "category":"Franchises",
     "address":"Hiranandani Complex,",
     "address2":"Hiranandani Gardens, Powai,",
     "city":"Mumbai",
     "state":"Maharashtra",
     "country":"India",
     "postal":"400072",
     "phone":"+912233994444",
     "hours1":"Mon-Sat 10am-08pm",
     "hours2":"",
     "hours3":"",
     "featured":"",
     "features":"",
     "date":"03/17/18"
  },
  {
     "id":"10",
     "name":"KFC Sitabuldi",
     "lat":"21.14337",
     "lng":"79.0782813",
     "category":"Franchises",
     "address":"G1, G2, Ground Floor, Eternity Mall,",
     "address2":"Variety Square, Sitabuldi,",
     "city":"Nagpur",
     "state":"Maharashtra",
     "country":"India",
     "postal":"440012",
     "phone":"+917123399444",
     "hours1":"Mon-Sat 10am-08pm",
     "hours2":"",
     "hours3":"",
     "featured":"",
     "features":"",
     "date":"03/17/18"
  },
  {
     "id":"11",
     "name":"KFC Ashok Nagar",
     "lat":"13.0317132",
     "lng":"80.2093813",
     "category":"Franchise",
     "address":"Old No 96 & 97, New No 43 & 44,",
     "address2":"11th Ave, Ashok Nagar,",
     "city":"Chennai",
     "state":"TamilNadu",
     "country":"India",
     "postal":"600083",
     "phone":"+914433994444",
     "hours1":"Mon-Sat 10am-08pm",
     "hours2":"",
     "hours3":"",
     "featured":"",
     "features":"",
     "date":"09/17/18"
  },
  {
     "id":"12",
     "name":"KFC T. Nager",
     "lat":"13.0394621",
     "lng":"80.2127328",
     "category":"Franchises",
     "address":"Plot No 18, Sir Theagaraya Rd,",
     "address2":"Parthasarathi Puram, T. Nagar,",
     "city":"Chennai",
     "state":"TamilNadu",
     "country":"India",
     "postal":"600017",
     "phone":"+914433994444",
     "hours1":"Mon-Sat 10am-08pm",
     "hours2":"",
     "hours3":"",
     "featured":"true",
     "features":"",
     "date":"08/17/18"
  },
  {
     "id":"13",
     "name":"KFC Madurai",
     "lat":"9.9204657",
     "lng":"78.1038899",
     "category":"Franchises",
     "address":"61, 4B, Bypass Rd, Vanamamalai Nagar,",
     "address2":"Durai Samy Nagar,",
     "city":"Madurai",
     "state":"TamilNadu",
     "country":"India",
     "postal":"625010",
     "phone":"+914433994444",
     "hours1":"Mon-Sat 10am-08pm",
     "hours2":"",
     "hours3":"",
     "featured":"",
     "features":"",
     "date":"07/17/18"
  },
  {
     "id":"14",
     "name":"KFC Grande Prairie",
     "lat":"55.1704239",
     "lng":"-118.8158431",
     "category":"Franchises",
     "address":"10533 100 Ave,",
     "address2":"",
     "city":"Grande Prairie",
     "state":"Alberta",
     "country":"Canada",
     "postal":"T8V 0V8",
     "phone":"+17805328520",
     "hours1":"Mon-Sat 10am-08pm",
     "hours2":"",
     "hours3":"",
     "featured":"",
     "features":"",
     "date":"06/17/18"
  },
  {
     "id":"15",
     "name":"KFC San Antonio",
     "lat":"29.3646048",
     "lng":"-98.4419676",
     "category":"Franchises",
     "address":"7009 San Pedro Ave,",
     "address2":"",
     "city":"San Antonio",
     "state":"Texas",
     "country":"USA",
     "postal":"78216",
     "phone":"+12105910679",
     "hours1":"Mon-Sat 10am-08pm",
     "hours2":"",
     "hours3":"",
     "featured":"",
     "features":"",
     "date":"05/17/18"
  },
  {
     "id":"16",
     "name":"KFC Austin",
     "lat":"30.2385056",
     "lng":"-97.7275859",
     "category":"Franchises",
     "address":"2224 E Riverside Dr,",
     "address2":"",
     "city":"Austin",
     "state":"Texas",
     "country":"USA",
     "postal":"78741",
     "phone":"+15123262133",
     "hours1":"Mon-Sat 10am-08pm",
     "hours2":"",
     "hours3":"",
     "featured":"",
     "features":"",
     "date":"04/17/18"
  },
  {
     "id":"17",
     "name":"KFC Edmonton",
     "lat":"53.5991043",
     "lng":"-113.4334704",
     "category":"Franchises",
     "address":"5807 137 Ave NW,",
     "address2":"",
     "city":"Edmonton",
     "state":"Alberta",
     "country":"Canada",
     "postal":"T5A 0P1",
     "phone":"+15123262133",
     "hours1":"Mon-Sat 10am-08pm",
     "hours2":"",
     "hours3":"",
     "featured":"",
     "features":"",
     "date":"04/17/18"
  },
  {
     "id":"18",
     "name":"KFC Saskatoon",
     "lat":"52.131957",
     "lng":"-106.729888",
     "category":"Franchises",
     "address":"3110 Diefenbaker Dr,",
     "address2":"",
     "city":"Saskatoon",
     "state":"Saskatchewan",
     "country":"Canada",
     "postal":"S7L 6T4",
     "phone":"+13066682640",
     "hours1":"Mon-Sat 10am-08pm",
     "hours2":"",
     "hours3":"",
     "featured":"",
     "features":"",
     "date":"04/17/18"
  }
]